{"cameraMode":{"drawMode":0,"name":"Shaded","section":"Shading Mode"},"sceneLighting":true,"audioPlay":false,"sceneViewState":{"showFog":true,"showMaterialUpdate":false,"showSkybox":true,"showFlares":true,"showImageEffects":true,"showParticleSystems":true},"in2DMode":false,"pivot":{"x":-900.6834106445313,"y":535.1349487304688,"z":170.06419372558595},"rotation":{"x":0.045829761773347858,"y":-0.1801554262638092,"z":0.008413245901465416,"w":0.9825339913368225},"size":2256.095703125,"orthographic":false}